contacts,share_contacted,responses,precision,recall,f1,profit,score_cutoff
1,0.0004952947003467063,1,1.0,0.003401360544217687,0.006779661016942396,8.0,0.8933399308715847
21,0.010401188707280832,18,0.8571428571428571,0.061224489795918366,0.11428571428558984,135.0,0.6601840197908727
41,0.02030708271421496,26,0.6341463414634146,0.08843537414965986,0.15522388059680012,163.0,0.5363763199931868
61,0.030212976721149084,42,0.6885245901639344,0.14285714285714285,0.23661971830957454,279.0,0.47193583350593243
81,0.04011887072808321,53,0.654320987654321,0.18027210884353742,0.282666666666328,340.0,0.3747932875727393
101,0.05002476473501734,65,0.6435643564356436,0.22108843537414966,0.3291139240502523,412.0,0.3338622137532302
121,0.05993065874195146,75,0.6198347107438017,0.25510204081632654,0.361445783132117,462.0,0.29516180616392673
141,0.06983655274888559,81,0.574468085106383,0.2755102040816326,0.3724137931030101,468.0,0.2709766384416492
161,0.07974244675581971,87,0.5403726708074534,0.29591836734693877,0.38241758241712515,474.0,0.2530426955436999
181,0.08964834076275384,91,0.5027624309392266,0.30952380952380953,0.3831578947363704,458.0,0.23354159272423436
201,0.09955423476968796,95,0.472636815920398,0.3231292517006803,0.38383838383790153,442.0,0.21399322438997273
221,0.10946012877662209,101,0.45701357466063347,0.3435374149659864,0.3922330097082479,448.0,0.19798646611234547
241,0.11936602278355622,107,0.44398340248962653,0.36394557823129253,0.39999999999950486,454.0,0.1849436111152227
261,0.12927191679049035,111,0.42528735632183906,0.37755102040816324,0.39999999999950175,438.0,0.1612903581236113
281,0.13917781079742447,115,0.4092526690391459,0.391156462585034,0.39999999999950026,422.0,0.14741176678662124
301,0.1490837048043586,120,0.39867109634551495,0.40816326530612246,0.40336134453731526,417.0,0.1375667314034875
321,0.1589895988112927,122,0.38006230529595014,0.41496598639455784,0.39674796747917573,379.0,0.12907705436799996
341,0.16889549281822686,128,0.375366568914956,0.43537414965986393,0.4031496062987154,385.0,0.12016966234040148
361,0.17880138682516097,129,0.3573407202216066,0.4387755102040816,0.3938931297704976,336.0,0.11545850796669048
381,0.1887072808320951,132,0.3464566929133858,0.4489795918367347,0.3911111111106194,309.0,0.10842865055680984
401,0.1986131748390292,136,0.33915211970074816,0.46258503401360546,0.3913669064743321,293.0,0.1029748389165666
421,0.20851906884596336,143,0.33966745843230406,0.48639455782312924,0.3999999999995158,310.0,0.09790438058601608
441,0.21842496285289748,148,0.3356009070294785,0.5034013605442177,0.40272108843489424,305.0,0.09218370069616959
461,0.2283308568598316,156,0.3383947939262473,0.5306122448979592,0.41324503311210725,333.0,0.08732375746150786
481,0.2382367508667657,161,0.33471933471933474,0.5476190476190477,0.4154838709672711,328.0,0.08480557416507863
501,0.24814264487369986,164,0.3273453093812375,0.5578231292517006,0.41257861635173515,301.0,0.08069969140206051
521,0.258048538880634,167,0.32053742802303264,0.5680272108843537,0.4098159509197842,274.0,0.07664832728969254
541,0.2679544328875681,172,0.3179297597042514,0.5850340136054422,0.4119760479037354,269.0,0.07359270562161686
561,0.27786032689450224,176,0.3137254901960784,0.5986394557823129,0.4116959064322973,253.0,0.0706443378455704
581,0.28776622090143633,181,0.31153184165232356,0.6156462585034014,0.41371428571383956,248.0,0.06879144571888027
601,0.2976721149083705,185,0.30782029950083195,0.6292517006802721,0.4134078212286091,232.0,0.06571733938433127
621,0.3075780089153046,186,0.2995169082125604,0.6326530612244898,0.4065573770487442,183.0,0.0628559033371158
641,0.3174839029222387,188,0.29329173166926675,0.6394557823129252,0.40213903743272394,145.0,0.06041640102975934
661,0.32738979692917286,190,0.2874432677760968,0.6462585034013606,0.39790575916187754,107.0,0.05820075902698972
681,0.337295690936107,193,0.2834067547723935,0.6564625850340136,0.39589743589701465,80.0,0.05631640481987916
701,0.3472015849430411,195,0.2781740370898716,0.6632653061224489,0.3919597989945585,42.0,0.053954539813597276
721,0.35710747894997524,195,0.27045769764216365,0.6632653061224489,0.38423645320155897,-18.0,0.05136133359688039
741,0.36701337295690933,198,0.26720647773279355,0.673469387755102,0.3826086956517672,-45.0,0.04992544982421694
761,0.3769192669638435,201,0.26412614980289095,0.6836734693877551,0.381042654028034,-72.0,0.04748606859785507
781,0.3868251609707776,205,0.26248399487836105,0.6972789115646258,0.38139534883681186,-88.0,0.04615930521105892
801,0.3967310549777117,210,0.26217228464419473,0.7142857142857143,0.3835616438352236,-93.0,0.04526043907588766
821,0.40663694898464586,213,0.25943970767356883,0.7244897959183674,0.38206278026867,-120.0,0.04367070280763015
841,0.41654284299158,215,0.2556480380499406,0.7312925170068028,0.37885462555027694,-158.0,0.04251381726702673
861,0.4264487369985141,217,0.25203252032520324,0.7380952380952381,0.37575757575719626,-196.0,0.04107432816848761
881,0.43635463100544825,218,0.2474460839954597,0.7414965986394558,0.37106382978685887,-245.0,0.03920914048244293
901,0.4462605250123824,218,0.24195338512763595,0.7414965986394558,0.36485355648498463,-305.0,0.038200907106954014
921,0.4561664190193165,220,0.23887079261672095,0.7482993197278912,0.36213991769510645,-343.0,0.037067290906723165
941,0.46607231302625063,221,0.23485653560042508,0.7517006802721088,0.3578947368417425,-392.0,0.036190117126182086
961,0.4759782070331847,222,0.23100936524453694,0.7551020408163265,0.35378486055741015,-441.0,0.034734611074289753
981,0.48588410104011887,223,0.2273190621814475,0.7585034013605442,0.3498039215682726,-490.0,0.03367567680097982
1001,0.495789995047053,223,0.22277722277722278,0.7585034013605442,0.3444015444011934,-550.0,0.03270999005194655
1021,0.5056958890539871,225,0.22037218413320275,0.7653061224489796,0.34220532319356917,-588.0,0.03181456234285608
1041,0.5156017830609212,228,0.21902017291066284,0.7755102040816326,0.34157303370752173,-615.0,0.031021679850415578
1061,0.5255076770678554,230,0.21677662582469368,0.782312925170068,0.3394833948336085,-653.0,0.02972747507122509
1081,0.5354135710747895,232,0.21461609620721553,0.7891156462585034,0.3374545454542092,-691.0,0.028850008019011057
1101,0.5453194650817236,234,0.2125340599455041,0.7959183673469388,0.3354838709674092,-729.0,0.027695909696672415
1121,0.5552253590886578,237,0.21141837644959857,0.8061224489795918,0.33498233215514783,-756.0,0.026986865555365377
1141,0.5651312530955919,239,0.20946538124452235,0.8129251700680272,0.3331010452958414,-794.0,0.02590353045320218
1161,0.575037147102526,244,0.21016365202411713,0.8299319727891157,0.33539518900311394,-799.0,0.025425313513962728
1181,0.5849430411094602,246,0.20829805249788316,0.8367346938775511,0.3335593220335791,-837.0,0.02454569077151311
1201,0.5948489351163943,246,0.2048293089092423,0.8367346938775511,0.3290969899662392,-897.0,0.023644501859506704
1221,0.6047548291233283,249,0.20393120393120392,0.8469387755102041,0.32871287128681587,-924.0,0.022945812997300145
1241,0.6146607231302625,252,0.20306204673650283,0.8571428571428571,0.328338762214674,-951.0,0.022264820509692293
1261,0.6245666171371966,252,0.1998413957176844,0.8571428571428571,0.324115755626703,-1011.0,0.021735120369627485
1281,0.6344725111441307,254,0.19828259172521467,0.8639455782312925,0.3225396825393788,-1049.0,0.020971481671493198
1301,0.6443784051510649,254,0.19523443504996157,0.8639455782312925,0.3184952978053419,-1109.0,0.020256438971119034
1321,0.654284299157999,254,0.19227857683573052,0.8639455782312925,0.3145510835910334,-1169.0,0.019820839097828162
1341,0.6641901931649331,254,0.1894108873974646,0.8639455782312925,0.3107033639140781,-1229.0,0.019185272423987064
1361,0.6740960871718673,255,0.18736223365172666,0.8673469387755102,0.308157099697593,-1278.0,0.018768663640395037
1381,0.6840019811788014,256,0.18537291817523532,0.8707482993197279,0.3056716417907553,-1327.0,0.018224528481468664
1401,0.6939078751857355,258,0.1841541755888651,0.8775510204081632,0.30442477876077517,-1365.0,0.017747058721073253
1421,0.7038137691926697,260,0.18296973961998592,0.8843537414965986,0.30320699708426396,-1403.0,0.017137427205903086
1441,0.7137196631996038,260,0.18043025676613464,0.8843537414965986,0.2997118155616782,-1463.0,0.016766664938141246
1461,0.7236255572065379,262,0.17932922655715264,0.891156462585034,0.29857549857521964,-1501.0,0.016312677734445318
1481,0.733531451213472,264,0.17825793382849425,0.8979591836734694,0.2974647887321179,-1539.0,0.015906407030397172
1501,0.7434373452204062,264,0.1758827448367755,0.8979591836734694,0.2941504178270241,-1599.0,0.015359396950658083
1521,0.7533432392273403,265,0.17422748191978962,0.9013605442176871,0.2920110192834751,-1648.0,0.014885728061867132
1541,0.7632491332342743,267,0.17326411421155094,0.9081632653061225,0.29100817438665183,-1686.0,0.014229262651856645
1561,0.7731550272412085,267,0.17104420243433696,0.9081632653061225,0.28787061994582486,-1746.0,0.013869243286500525
1581,0.7830609212481426,270,0.17077798861480076,0.9183673469387755,0.2879999999997356,-1773.0,0.013368836525733537
1601,0.7929668152550767,271,0.16926920674578388,0.9217687074829932,0.28601583113430246,-1822.0,0.012810462403815143
1621,0.8028727092620109,272,0.16779765576804442,0.9251700680272109,0.28407310704934846,-1871.0,0.012288560469988214
1641,0.812778603268945,273,0.1663619744058501,0.9285714285714286,0.28217054263540114,-1920.0,0.011935339470398999
1661,0.8226844972758791,273,0.16435881998795907,0.9285714285714286,0.27928388746777516,-1980.0,0.011363945767179407
1681,0.8325903912828133,274,0.16299821534800712,0.9319727891156463,0.27746835443012635,-2029.0,0.010862894689999906
1701,0.8424962852897474,276,0.16225749559082892,0.9387755102040817,0.27669172932305697,-2067.0,0.010570382526105442
1721,0.8524021792966815,276,0.16037187681580475,0.9387755102040817,0.2739454094290311,-2127.0,0.010371716361781485
1741,0.8623080733036157,276,0.1585295807007467,0.9387755102040817,0.271253071252824,-2187.0,0.00997194818088144
1761,0.8722139673105498,278,0.15786484951731972,0.9455782312925171,0.27055961070535095,-2225.0,0.00952866609502089
1781,0.8821198613174839,279,0.1566535654126895,0.9489795918367347,0.26891566265035916,-2274.0,0.009207443198930524
1801,0.8920257553244181,281,0.15602443087173792,0.95578231292517,0.26825775656300455,-2312.0,0.008698178339471592
1821,0.9019316493313522,282,0.15485996705107083,0.9591836734693877,0.26666666666642724,-2361.0,0.008174656262609202
1841,0.9118375433382863,283,0.15372080391091797,0.9625850340136054,0.2651053864166243,-2410.0,0.007734734231235654
1861,0.9217434373452204,284,0.15260612573885007,0.9659863945578231,0.26357308584663214,-2459.0,0.007263876180110146
1881,0.9316493313521546,285,0.15151515151515152,0.9693877551020408,0.2620689655170076,-2508.0,0.0068143891835246
1901,0.9415552253590886,286,0.1504471330878485,0.9727891156462585,0.2605922551250527,-2557.0,0.006389674648207571
1921,0.9514611193660227,287,0.1494013534617387,0.9761904761904762,0.25914221218938605,-2606.0,0.005878951136504371
1941,0.9613670133729569,287,0.1478619268418341,0.9761904761904762,0.2568232662190109,-2666.0,0.005433776968782057
1961,0.971272907379891,288,0.14686384497705252,0.9795918367346939,0.2554323725053164,-2715.0,0.004952445007060084
1981,0.9811788013868251,290,0.1463907117617365,0.9863945578231292,0.2549450549448299,-2753.0,0.004297592516935525
2001,0.9910846953937593,292,0.14592703648175911,0.9931972789115646,0.25446623093659576,-2791.0,0.0034296909186240527
2019,1.0,294,0.14561664190193166,1.0,0.2542153047987405,-2823.0,0.0017357664435205145
